{
  "valor_bins": [
    0.53,
    122.04999999999993,
    451.6199999999996,
    1997.27
  ],
  "tempo_bins": [
    1.0,
    4.3,
    7.9,
    19.9
  ]
}